{
  "grids": {
    "R10C31": {
      "bounds": {
        "min_lat": 37.75749999999996,
        "max_lat": 38.8675,
        "min_lon": -91.2425,
        "max_lon": -90.13249999999996
      },
      "feature_count": 5625
    },
    "R10C32": {
      "bounds": {
        "min_lat": 37.75749999999996,
        "max_lat": 38.8675,
        "min_lon": -90.1175,
        "max_lon": -89.00749999999996
      },
      "feature_count": 5625
    },
    "R10C37": {
      "bounds": {
        "min_lat": 37.75749999999996,
        "max_lat": 38.8675,
        "min_lon": -84.4925,
        "max_lon": -83.38249999999996
      },
      "feature_count": 5625
    },
    "R10C43": {
      "bounds": {
        "min_lat": 37.75749999999996,
        "max_lat": 38.8675,
        "min_lon": -77.7425,
        "max_lon": -76.63249999999996
      },
      "feature_count": 5624
    },
    "R10C4": {
      "bounds": {
        "min_lat": 37.75749999999996,
        "max_lat": 38.8675,
        "min_lon": -121.6175,
        "max_lon": -120.50749999999996
      },
      "feature_count": 5625
    },
    "R12C25": {
      "bounds": {
        "min_lat": 35.50749999999996,
        "max_lat": 36.6175,
        "min_lon": -97.9925,
        "max_lon": -96.88249999999996
      },
      "feature_count": 5625
    },
    "R12C42": {
      "bounds": {
        "min_lat": 35.50749999999996,
        "max_lat": 36.6175,
        "min_lon": -78.8675,
        "max_lon": -77.75749999999996
      },
      "feature_count": 5625
    },
    "R13C25": {
      "bounds": {
        "min_lat": 34.38249999999996,
        "max_lat": 35.4925,
        "min_lon": -97.9925,
        "max_lon": -96.88249999999996
      },
      "feature_count": 5625
    },
    "R13C40": {
      "bounds": {
        "min_lat": 34.38249999999996,
        "max_lat": 35.4925,
        "min_lon": -81.1175,
        "max_lon": -80.00749999999996
      },
      "feature_count": 5625
    },
    "R13C41": {
      "bounds": {
        "min_lat": 34.38249999999996,
        "max_lat": 35.4925,
        "min_lon": -79.9925,
        "max_lon": -78.88249999999996
      },
      "feature_count": 5624
    },
    "R14C12": {
      "bounds": {
        "min_lat": 33.25749999999996,
        "max_lat": 34.3675,
        "min_lon": -112.6175,
        "max_lon": -111.50749999999996
      },
      "feature_count": 5618
    },
    "R14C37": {
      "bounds": {
        "min_lat": 33.25749999999996,
        "max_lat": 34.3675,
        "min_lon": -84.4925,
        "max_lon": -83.38249999999996
      },
      "feature_count": 5625
    },
    "R14C6": {
      "bounds": {
        "min_lat": 33.25749999999996,
        "max_lat": 34.3675,
        "min_lon": -119.3675,
        "max_lon": -118.25749999999996
      },
      "feature_count": 2963
    },
    "R14C7": {
      "bounds": {
        "min_lat": 33.25749999999996,
        "max_lat": 34.3675,
        "min_lon": -118.2425,
        "max_lon": -117.13249999999996
      },
      "feature_count": 5036
    },
    "R14C8": {
      "bounds": {
        "min_lat": 33.25749999999996,
        "max_lat": 34.3675,
        "min_lon": -117.1175,
        "max_lon": -116.00749999999996
      },
      "feature_count": 5625
    },
    "R15C12": {
      "bounds": {
        "min_lat": 32.13249999999996,
        "max_lat": 33.2425,
        "min_lon": -112.6175,
        "max_lon": -111.50749999999996
      },
      "feature_count": 5391
    },
    "R15C13": {
      "bounds": {
        "min_lat": 32.13249999999996,
        "max_lat": 33.2425,
        "min_lon": -111.4925,
        "max_lon": -110.38249999999996
      },
      "feature_count": 5621
    },
    "R15C25": {
      "bounds": {
        "min_lat": 32.13249999999996,
        "max_lat": 33.2425,
        "min_lon": -97.9925,
        "max_lon": -96.88249999999996
      },
      "feature_count": 5625
    },
    "R15C26": {
      "bounds": {
        "min_lat": 32.13249999999996,
        "max_lat": 33.2425,
        "min_lon": -96.8675,
        "max_lon": -95.75749999999996
      },
      "feature_count": 5625
    },
    "R17C25": {
      "bounds": {
        "min_lat": 29.882499999999958,
        "max_lat": 30.9925,
        "min_lon": -97.9925,
        "max_lon": -96.88249999999996
      },
      "feature_count": 5625
    },
    "R17C27": {
      "bounds": {
        "min_lat": 29.882499999999958,
        "max_lat": 30.9925,
        "min_lon": -95.7425,
        "max_lon": -94.63249999999996
      },
      "feature_count": 5623
    },
    "R18C27": {
      "bounds": {
        "min_lat": 28.757499999999958,
        "max_lat": 29.8675,
        "min_lon": -95.7425,
        "max_lon": -94.63249999999996
      },
      "feature_count": 4726
    },
    "R20C40": {
      "bounds": {
        "min_lat": 26.50749999999996,
        "max_lat": 27.617500000000003,
        "min_lon": -81.1175,
        "max_lon": -80.00749999999996
      },
      "feature_count": 5246
    },
    "R21C40": {
      "bounds": {
        "min_lat": 25.382499999999958,
        "max_lat": 26.4925,
        "min_lon": -81.1175,
        "max_lon": -80.00749999999996
      },
      "feature_count": 4847
    },
    "R4C2": {
      "bounds": {
        "min_lat": 44.50749999999996,
        "max_lat": 45.6175,
        "min_lon": -123.8675,
        "max_lon": -122.75749999999996
      },
      "feature_count": 5625
    },
    "R4C3": {
      "bounds": {
        "min_lat": 44.50749999999996,
        "max_lat": 45.6175,
        "min_lon": -122.7425,
        "max_lon": -121.63249999999996
      },
      "feature_count": 5625
    },
    "R6C32": {
      "bounds": {
        "min_lat": 42.25749999999996,
        "max_lat": 43.3675,
        "min_lon": -90.1175,
        "max_lon": -89.00749999999996
      },
      "feature_count": 5625
    },
    "R6C33": {
      "bounds": {
        "min_lat": 42.25749999999996,
        "max_lat": 43.3675,
        "min_lon": -88.9925,
        "max_lon": -87.88249999999996
      },
      "feature_count": 5625
    },
    "R7C33": {
      "bounds": {
        "min_lat": 41.13249999999996,
        "max_lat": 42.2425,
        "min_lon": -88.9925,
        "max_lon": -87.88249999999996
      },
      "feature_count": 5625
    },
    "R7C34": {
      "bounds": {
        "min_lat": 41.13249999999996,
        "max_lat": 42.2425,
        "min_lon": -87.8675,
        "max_lon": -86.75749999999996
      },
      "feature_count": 4090
    },
    "R8C33": {
      "bounds": {
        "min_lat": 40.00749999999996,
        "max_lat": 41.1175,
        "min_lon": -88.9925,
        "max_lon": -87.88249999999996
      },
      "feature_count": 5625
    },
    "R8C38": {
      "bounds": {
        "min_lat": 40.00749999999996,
        "max_lat": 41.1175,
        "min_lon": -83.3675,
        "max_lon": -82.25749999999996
      },
      "feature_count": 5625
    },
    "R9C37": {
      "bounds": {
        "min_lat": 38.88249999999996,
        "max_lat": 39.9925,
        "min_lon": -84.4925,
        "max_lon": -83.38249999999996
      },
      "feature_count": 5625
    },
    "R9C38": {
      "bounds": {
        "min_lat": 38.88249999999996,
        "max_lat": 39.9925,
        "min_lon": -83.3675,
        "max_lon": -82.25749999999996
      },
      "feature_count": 5625
    },
    "R9C43": {
      "bounds": {
        "min_lat": 38.88249999999996,
        "max_lat": 39.9925,
        "min_lon": -77.7425,
        "max_lon": -76.63249999999996
      },
      "feature_count": 5625
    },
    "R9C45": {
      "bounds": {
        "min_lat": 38.88249999999996,
        "max_lat": 39.9925,
        "min_lon": -75.4925,
        "max_lon": -74.38249999999996
      },
      "feature_count": 5180
    }
  }
}